--
-- PostgreSQL database dump
--

-- Dumped from database version 12.6 (Ubuntu 12.6-0ubuntu0.20.04.1)
-- Dumped by pg_dump version 12.6 (Ubuntu 12.6-0ubuntu0.20.04.1)

SET statement_timeout = 0;
SET lock_timeout = 0;
SET idle_in_transaction_session_timeout = 0;
SET client_encoding = 'UTF8';
SET standard_conforming_strings = on;
SELECT pg_catalog.set_config('search_path', '', false);
SET check_function_bodies = false;
SET xmloption = content;
SET client_min_messages = warning;
SET row_security = off;

SET default_tablespace = '';

SET default_table_access_method = heap;

--
-- Name: ads; Type: TABLE; Schema: public; Owner: postgres
--

CREATE TABLE public.ads (
    "AdsId" integer NOT NULL,
    "Description" text NOT NULL,
    "ShopId" integer NOT NULL,
    "StartDate" timestamp without time zone NOT NULL,
    "EndDate" timestamp without time zone NOT NULL,
    "IsActive" boolean NOT NULL
);


ALTER TABLE public.ads OWNER TO postgres;

--
-- Name: ads_AdsId_seq; Type: SEQUENCE; Schema: public; Owner: postgres
--

ALTER TABLE public.ads ALTER COLUMN "AdsId" ADD GENERATED BY DEFAULT AS IDENTITY (
    SEQUENCE NAME public."ads_AdsId_seq"
    START WITH 1
    INCREMENT BY 1
    NO MINVALUE
    NO MAXVALUE
    CACHE 1
);


--
-- Name: category; Type: TABLE; Schema: public; Owner: postgres
--

CREATE TABLE public.category (
    "CategoryId" integer NOT NULL,
    "Category_name" character varying(200) NOT NULL
);


ALTER TABLE public.category OWNER TO postgres;

--
-- Name: category_CategoryId_seq; Type: SEQUENCE; Schema: public; Owner: postgres
--

ALTER TABLE public.category ALTER COLUMN "CategoryId" ADD GENERATED BY DEFAULT AS IDENTITY (
    SEQUENCE NAME public."category_CategoryId_seq"
    START WITH 1
    INCREMENT BY 1
    NO MINVALUE
    NO MAXVALUE
    CACHE 1
);


--
-- Name: location; Type: TABLE; Schema: public; Owner: postgres
--

CREATE TABLE public.location (
    "LocationId" integer NOT NULL,
    "Longitude" double precision NOT NULL,
    "Latitude" double precision NOT NULL,
    "LocationDescription" character varying(500)
);


ALTER TABLE public.location OWNER TO postgres;

--
-- Name: location_LocationId_seq; Type: SEQUENCE; Schema: public; Owner: postgres
--

ALTER TABLE public.location ALTER COLUMN "LocationId" ADD GENERATED BY DEFAULT AS IDENTITY (
    SEQUENCE NAME public."location_LocationId_seq"
    START WITH 1
    INCREMENT BY 1
    NO MINVALUE
    NO MAXVALUE
    CACHE 1
);


--
-- Name: products; Type: TABLE; Schema: public; Owner: postgres
--

CREATE TABLE public.products (
    "ProductId" integer NOT NULL,
    "ShopId" integer NOT NULL,
    "ProductName" text NOT NULL,
    "DateInserted" timestamp without time zone NOT NULL,
    "Description" text,
    "CategoryId" integer NOT NULL,
    "Price" integer NOT NULL,
    "Condition" text,
    "ImageUrl" text,
    "DeliveryAvailable" boolean NOT NULL,
    "Discount" integer NOT NULL,
    "ProductCount" integer NOT NULL,
    "ProductReviewId" integer NOT NULL
);


ALTER TABLE public.products OWNER TO postgres;

--
-- Name: products_ProductId_seq; Type: SEQUENCE; Schema: public; Owner: postgres
--

ALTER TABLE public.products ALTER COLUMN "ProductId" ADD GENERATED BY DEFAULT AS IDENTITY (
    SEQUENCE NAME public."products_ProductId_seq"
    START WITH 1
    INCREMENT BY 1
    NO MINVALUE
    NO MAXVALUE
    CACHE 1
);


--
-- Name: review; Type: TABLE; Schema: public; Owner: postgres
--

CREATE TABLE public.review (
    "ReviewId" integer NOT NULL,
    "UserId" integer NOT NULL,
    "ProductId" integer NOT NULL,
    "Rating" integer NOT NULL,
    "ReviewString" character varying(500) NOT NULL,
    "ReviewDate" timestamp without time zone NOT NULL
);


ALTER TABLE public.review OWNER TO postgres;

--
-- Name: review_ReviewId_seq; Type: SEQUENCE; Schema: public; Owner: postgres
--

ALTER TABLE public.review ALTER COLUMN "ReviewId" ADD GENERATED BY DEFAULT AS IDENTITY (
    SEQUENCE NAME public."review_ReviewId_seq"
    START WITH 1
    INCREMENT BY 1
    NO MINVALUE
    NO MAXVALUE
    CACHE 1
);


--
-- Name: shopFollow; Type: TABLE; Schema: public; Owner: postgres
--

CREATE TABLE public."shopFollow" (
    "ShopLikeId" integer NOT NULL,
    "UserId" integer NOT NULL,
    "ShopId" integer NOT NULL
);


ALTER TABLE public."shopFollow" OWNER TO postgres;

--
-- Name: shopFollow_ShopLikeId_seq; Type: SEQUENCE; Schema: public; Owner: postgres
--

ALTER TABLE public."shopFollow" ALTER COLUMN "ShopLikeId" ADD GENERATED BY DEFAULT AS IDENTITY (
    SEQUENCE NAME public."shopFollow_ShopLikeId_seq"
    START WITH 1
    INCREMENT BY 1
    NO MINVALUE
    NO MAXVALUE
    CACHE 1
);


--
-- Name: shops; Type: TABLE; Schema: public; Owner: postgres
--

CREATE TABLE public.shops (
    "ShopId" integer NOT NULL,
    "ShopName" text NOT NULL,
    "BuildingName" character varying(150),
    "PhoneNumber1" character varying(50) NOT NULL,
    "PhoneNumber2" character varying(50),
    "OwnerId" integer NOT NULL,
    "CategoryId" integer NOT NULL,
    "ShopLocationId" integer NOT NULL,
    "Description" character varying(500),
    "IsApproved" boolean NOT NULL
);


ALTER TABLE public.shops OWNER TO postgres;

--
-- Name: shops_ShopId_seq; Type: SEQUENCE; Schema: public; Owner: postgres
--

ALTER TABLE public.shops ALTER COLUMN "ShopId" ADD GENERATED BY DEFAULT AS IDENTITY (
    SEQUENCE NAME public."shops_ShopId_seq"
    START WITH 1
    INCREMENT BY 1
    NO MINVALUE
    NO MAXVALUE
    CACHE 1
);


--
-- Name: users; Type: TABLE; Schema: public; Owner: postgres
--

CREATE TABLE public.users (
    "UserId" integer NOT NULL,
    "Username" character varying(60) NOT NULL,
    "Email" text NOT NULL,
    "Password" text NOT NULL,
    "Role" text NOT NULL,
    "Phone" text
);


ALTER TABLE public.users OWNER TO postgres;

--
-- Name: users_UserId_seq; Type: SEQUENCE; Schema: public; Owner: postgres
--

ALTER TABLE public.users ALTER COLUMN "UserId" ADD GENERATED BY DEFAULT AS IDENTITY (
    SEQUENCE NAME public."users_UserId_seq"
    START WITH 1
    INCREMENT BY 1
    NO MINVALUE
    NO MAXVALUE
    CACHE 1
);


--
-- Name: wishList; Type: TABLE; Schema: public; Owner: postgres
--

CREATE TABLE public."wishList" (
    "WishListItemId" integer NOT NULL,
    "ProductId" integer NOT NULL,
    "UserId" integer NOT NULL,
    "DateAdded" timestamp without time zone NOT NULL
);


ALTER TABLE public."wishList" OWNER TO postgres;

--
-- Name: wishList_WishListItemId_seq; Type: SEQUENCE; Schema: public; Owner: postgres
--

ALTER TABLE public."wishList" ALTER COLUMN "WishListItemId" ADD GENERATED BY DEFAULT AS IDENTITY (
    SEQUENCE NAME public."wishList_WishListItemId_seq"
    START WITH 1
    INCREMENT BY 1
    NO MINVALUE
    NO MAXVALUE
    CACHE 1
);


--
-- Data for Name: ads; Type: TABLE DATA; Schema: public; Owner: postgres
--

COPY public.ads ("AdsId", "Description", "ShopId", "StartDate", "EndDate", "IsActive") FROM stdin;
\.


--
-- Data for Name: category; Type: TABLE DATA; Schema: public; Owner: postgres
--

COPY public.category ("CategoryId", "Category_name") FROM stdin;
1	Shoes
2	Clothes
3	Electronics
4	Stationery
\.


--
-- Data for Name: location; Type: TABLE DATA; Schema: public; Owner: postgres
--

COPY public.location ("LocationId", "Longitude", "Latitude", "LocationDescription") FROM stdin;
1	3424534.23432	2345462.2342	string
2	3424534.23432	2345462.2342	string
3	34234534.23432	2345462.2342	string
\.


--
-- Data for Name: products; Type: TABLE DATA; Schema: public; Owner: postgres
--

COPY public.products ("ProductId", "ShopId", "ProductName", "DateInserted", "Description", "CategoryId", "Price", "Condition", "ImageUrl", "DeliveryAvailable", "Discount", "ProductCount", "ProductReviewId") FROM stdin;
1	1	Nike chama	0001-01-01 00:00:00	nice one	1	234	New	string	t	0	0	0
2	1	Adidas chama	0001-01-01 00:00:00	nice one	1	134	New	string	t	0	0	0
3	1	Gap Jacket	0001-01-01 00:00:00	nice cool	2	1224	New	string	t	0	0	0
4	1	Trouser	0001-01-01 00:00:00	cool	2	524	New	string	t	0	0	0
\.


--
-- Data for Name: review; Type: TABLE DATA; Schema: public; Owner: postgres
--

COPY public.review ("ReviewId", "UserId", "ProductId", "Rating", "ReviewString", "ReviewDate") FROM stdin;
1	1	1	3	cool ama	2021-05-29 01:00:08.63552
\.


--
-- Data for Name: shopFollow; Type: TABLE DATA; Schema: public; Owner: postgres
--

COPY public."shopFollow" ("ShopLikeId", "UserId", "ShopId") FROM stdin;
\.


--
-- Data for Name: shops; Type: TABLE DATA; Schema: public; Owner: postgres
--

COPY public.shops ("ShopId", "ShopName", "BuildingName", "PhoneNumber1", "PhoneNumber2", "OwnerId", "CategoryId", "ShopLocationId", "Description", "IsApproved") FROM stdin;
1	Shemsu	Ayat	45234324		1	2	1	string	t
2	Ratuli	Yirga Haile	45234324		1	1	2	string	t
3	Shantame	Chafe Haile	45234324		1	3	3	string	t
\.


--
-- Data for Name: users; Type: TABLE DATA; Schema: public; Owner: postgres
--

COPY public.users ("UserId", "Username", "Email", "Password", "Role", "Phone") FROM stdin;
1	nabek	nabek@example.com	$2a$11$PD.NcbyDd7emH27tZtvS/uNV1YB5PuiO/6Vv2806AIoIBwjghdS/6	user	4355645746
2	admin	admin@gmail.com	$2y$12$y/p/qbZq.uSLhkG3i64wX.Use4DT3IwJFAUGzlEV22WhQ2dzBwiLW	admin	343645645
\.


--
-- Data for Name: wishList; Type: TABLE DATA; Schema: public; Owner: postgres
--

COPY public."wishList" ("WishListItemId", "ProductId", "UserId", "DateAdded") FROM stdin;
\.


--
-- Name: ads_AdsId_seq; Type: SEQUENCE SET; Schema: public; Owner: postgres
--

SELECT pg_catalog.setval('public."ads_AdsId_seq"', 1, false);


--
-- Name: category_CategoryId_seq; Type: SEQUENCE SET; Schema: public; Owner: postgres
--

SELECT pg_catalog.setval('public."category_CategoryId_seq"', 4, true);


--
-- Name: location_LocationId_seq; Type: SEQUENCE SET; Schema: public; Owner: postgres
--

SELECT pg_catalog.setval('public."location_LocationId_seq"', 3, true);


--
-- Name: products_ProductId_seq; Type: SEQUENCE SET; Schema: public; Owner: postgres
--

SELECT pg_catalog.setval('public."products_ProductId_seq"', 4, true);


--
-- Name: review_ReviewId_seq; Type: SEQUENCE SET; Schema: public; Owner: postgres
--

SELECT pg_catalog.setval('public."review_ReviewId_seq"', 4, true);


--
-- Name: shopFollow_ShopLikeId_seq; Type: SEQUENCE SET; Schema: public; Owner: postgres
--

SELECT pg_catalog.setval('public."shopFollow_ShopLikeId_seq"', 1, false);


--
-- Name: shops_ShopId_seq; Type: SEQUENCE SET; Schema: public; Owner: postgres
--

SELECT pg_catalog.setval('public."shops_ShopId_seq"', 3, true);


--
-- Name: users_UserId_seq; Type: SEQUENCE SET; Schema: public; Owner: postgres
--

SELECT pg_catalog.setval('public."users_UserId_seq"', 2, true);


--
-- Name: wishList_WishListItemId_seq; Type: SEQUENCE SET; Schema: public; Owner: postgres
--

SELECT pg_catalog.setval('public."wishList_WishListItemId_seq"', 1, false);


--
-- Name: ads PK_ads; Type: CONSTRAINT; Schema: public; Owner: postgres
--

ALTER TABLE ONLY public.ads
    ADD CONSTRAINT "PK_ads" PRIMARY KEY ("AdsId");


--
-- Name: category PK_category; Type: CONSTRAINT; Schema: public; Owner: postgres
--

ALTER TABLE ONLY public.category
    ADD CONSTRAINT "PK_category" PRIMARY KEY ("CategoryId");


--
-- Name: location PK_location; Type: CONSTRAINT; Schema: public; Owner: postgres
--

ALTER TABLE ONLY public.location
    ADD CONSTRAINT "PK_location" PRIMARY KEY ("LocationId");


--
-- Name: products PK_products; Type: CONSTRAINT; Schema: public; Owner: postgres
--

ALTER TABLE ONLY public.products
    ADD CONSTRAINT "PK_products" PRIMARY KEY ("ProductId");


--
-- Name: review PK_review; Type: CONSTRAINT; Schema: public; Owner: postgres
--

ALTER TABLE ONLY public.review
    ADD CONSTRAINT "PK_review" PRIMARY KEY ("ReviewId");


--
-- Name: shopFollow PK_shopFollow; Type: CONSTRAINT; Schema: public; Owner: postgres
--

ALTER TABLE ONLY public."shopFollow"
    ADD CONSTRAINT "PK_shopFollow" PRIMARY KEY ("ShopLikeId");


--
-- Name: shops PK_shops; Type: CONSTRAINT; Schema: public; Owner: postgres
--

ALTER TABLE ONLY public.shops
    ADD CONSTRAINT "PK_shops" PRIMARY KEY ("ShopId");


--
-- Name: users PK_users; Type: CONSTRAINT; Schema: public; Owner: postgres
--

ALTER TABLE ONLY public.users
    ADD CONSTRAINT "PK_users" PRIMARY KEY ("UserId");


--
-- Name: wishList PK_wishList; Type: CONSTRAINT; Schema: public; Owner: postgres
--

ALTER TABLE ONLY public."wishList"
    ADD CONSTRAINT "PK_wishList" PRIMARY KEY ("WishListItemId");


--
-- Name: IX_ads_ShopId; Type: INDEX; Schema: public; Owner: postgres
--

CREATE INDEX "IX_ads_ShopId" ON public.ads USING btree ("ShopId");


--
-- Name: IX_review_ProductId; Type: INDEX; Schema: public; Owner: postgres
--

CREATE UNIQUE INDEX "IX_review_ProductId" ON public.review USING btree ("ProductId");


--
-- Name: IX_shops_ShopLocationId; Type: INDEX; Schema: public; Owner: postgres
--

CREATE INDEX "IX_shops_ShopLocationId" ON public.shops USING btree ("ShopLocationId");


--
-- Name: ads FK_ads_shops_ShopId; Type: FK CONSTRAINT; Schema: public; Owner: postgres
--

ALTER TABLE ONLY public.ads
    ADD CONSTRAINT "FK_ads_shops_ShopId" FOREIGN KEY ("ShopId") REFERENCES public.shops("ShopId") ON DELETE CASCADE;


--
-- Name: review FK_review_products_ProductId; Type: FK CONSTRAINT; Schema: public; Owner: postgres
--

ALTER TABLE ONLY public.review
    ADD CONSTRAINT "FK_review_products_ProductId" FOREIGN KEY ("ProductId") REFERENCES public.products("ProductId") ON DELETE CASCADE;


--
-- Name: shops FK_shops_location_ShopLocationId; Type: FK CONSTRAINT; Schema: public; Owner: postgres
--

ALTER TABLE ONLY public.shops
    ADD CONSTRAINT "FK_shops_location_ShopLocationId" FOREIGN KEY ("ShopLocationId") REFERENCES public.location("LocationId") ON DELETE CASCADE;


--
-- PostgreSQL database dump complete
--

